image,patient_id,scan_id,age,sex,label,disease
image_0000.jpg,25438,0,26,M,0,No Finding
image_0001.jpg,20041,4,53,M,0,No Finding
image_0002.jpg,808,9,44,F,0,No Finding
image_0003.jpg,26634,0,5,M,1,Cardiomegaly
image_0004.jpg,9385,0,32,F,0,No Finding
image_0005.jpg,22023,3,31,M,0,No Finding
image_0006.jpg,3421,1,41,M,0,No Finding
image_0007.jpg,2847,3,37,M,0,No Finding
image_0008.jpg,15045,4,29,F,0,No Finding
image_0009.jpg,5750,15,24,M,0,No Finding
image_0010.jpg,7343,1,25,M,0,No Finding
image_0011.jpg,11618,10,22,F,0,No Finding
image_0012.jpg,11906,8,67,F,0,No Finding
image_0013.jpg,5624,1,51,M,0,No Finding
image_0014.jpg,10475,0,64,F,0,No Finding
image_0015.jpg,5682,13,74,M,0,No Finding
image_0016.jpg,22475,0,24,M,0,No Finding
image_0017.jpg,22237,31,68,M,0,No Finding
image_0018.jpg,13695,6,57,F,0,No Finding
image_0019.jpg,12799,1,28,M,1,Cardiomegaly
image_0020.jpg,12178,4,28,F,0,No Finding
image_0021.jpg,5907,7,35,M,0,No Finding
image_0022.jpg,5520,9,50,M,0,No Finding
image_0023.jpg,2337,8,58,M,0,No Finding
image_0024.jpg,7168,1,59,M,0,No Finding
image_0025.jpg,13944,0,51,M,0,No Finding
image_0026.jpg,15530,12,20,M,0,No Finding
image_0027.jpg,22993,1,55,M,0,No Finding
image_0028.jpg,11885,18,53,F,0,No Finding
image_0029.jpg,9456,1,59,M,0,No Finding
image_0030.jpg,3804,3,55,M,0,No Finding
image_0031.jpg,13310,8,58,M,0,No Finding
image_0032.jpg,11120,1,46,F,0,No Finding
image_0033.jpg,28662,0,25,M,0,No Finding
image_0034.jpg,28918,2,20,M,0,No Finding
image_0035.jpg,26451,50,51,M,0,No Finding
image_0036.jpg,5812,1,37,M,0,No Finding
image_0037.jpg,22814,1,65,M,0,No Finding
image_0038.jpg,27906,0,50,M,0,No Finding
image_0039.jpg,9885,0,19,F,0,No Finding
image_0040.jpg,30364,0,41,F,0,No Finding
image_0041.jpg,15226,0,67,M,0,No Finding
image_0042.jpg,18260,3,20,F,0,No Finding
image_0043.jpg,29544,0,26,F,0,No Finding
image_0044.jpg,14146,8,62,M,0,No Finding
image_0045.jpg,24153,0,58,F,0,No Finding
image_0046.jpg,13088,1,37,F,0,No Finding
image_0047.jpg,2348,0,19,M,0,No Finding
image_0048.jpg,14368,5,61,F,0,No Finding
image_0049.jpg,20130,12,44,M,0,No Finding
image_0050.jpg,10092,50,51,F,0,No Finding
image_0051.jpg,12223,1,52,F,0,No Finding
image_0052.jpg,25131,6,41,F,0,No Finding
image_0053.jpg,15911,0,60,M,0,No Finding
image_0054.jpg,22098,0,46,F,0,No Finding
image_0055.jpg,16498,1,38,F,0,No Finding
image_0056.jpg,3535,15,19,F,0,No Finding
image_0057.jpg,11211,10,73,M,0,No Finding
image_0058.jpg,21921,0,23,F,0,No Finding
image_0059.jpg,29387,0,29,M,0,No Finding
image_0060.jpg,12414,16,47,M,0,No Finding
image_0061.jpg,2621,0,65,F,0,No Finding
image_0062.jpg,14849,13,58,M,0,No Finding
image_0063.jpg,17215,0,47,F,0,No Finding
image_0064.jpg,9114,4,56,M,0,No Finding
image_0065.jpg,5026,12,38,M,0,No Finding
image_0066.jpg,21212,8,32,F,0,No Finding
image_0067.jpg,23091,1,66,F,0,No Finding
image_0068.jpg,11913,0,63,F,0,No Finding
image_0069.jpg,6611,0,47,F,0,No Finding
image_0070.jpg,12874,26,63,M,0,No Finding
image_0071.jpg,10244,6,70,M,0,No Finding
image_0072.jpg,16065,0,36,F,0,No Finding
image_0073.jpg,6727,4,38,F,0,No Finding
image_0074.jpg,12297,1,46,F,0,No Finding
image_0075.jpg,12730,0,46,M,0,No Finding
image_0076.jpg,1836,40,49,F,0,No Finding
image_0077.jpg,14663,9,62,M,0,No Finding
image_0078.jpg,21616,6,54,M,0,No Finding
image_0079.jpg,8423,2,56,M,0,No Finding
image_0080.jpg,28376,5,25,F,0,No Finding
image_0081.jpg,27046,0,18,F,0,No Finding
image_0082.jpg,16728,0,54,F,0,No Finding
image_0083.jpg,2229,4,82,M,0,No Finding
image_0084.jpg,1684,0,58,M,0,No Finding
image_0085.jpg,5372,15,47,M,0,No Finding
image_0086.jpg,9336,10,24,M,0,No Finding
image_0087.jpg,6229,3,38,M,0,No Finding
image_0088.jpg,14004,10,58,F,0,No Finding
image_0089.jpg,7641,0,63,F,0,No Finding
image_0090.jpg,8991,0,37,F,0,No Finding
image_0091.jpg,18016,4,57,M,0,No Finding
image_0092.jpg,8911,1,63,M,0,No Finding
image_0093.jpg,13987,0,9,M,0,No Finding
image_0094.jpg,6623,0,57,F,0,No Finding
image_0095.jpg,18233,49,47,F,0,No Finding
image_0096.jpg,18867,1,31,F,0,No Finding
image_0097.jpg,18317,3,54,M,0,No Finding
image_0098.jpg,11222,1,25,M,0,No Finding
image_0099.jpg,1170,31,23,M,0,No Finding
image_0100.jpg,21251,0,52,M,0,No Finding
image_0101.jpg,11553,15,9,M,1,Cardiomegaly
image_0102.jpg,10594,3,16,F,0,No Finding
image_0103.jpg,23081,8,54,M,0,No Finding
image_0104.jpg,27038,3,64,F,0,No Finding
image_0105.jpg,5449,4,32,M,0,No Finding
image_0106.jpg,26485,0,42,F,0,No Finding
image_0107.jpg,8159,0,3,M,0,No Finding
image_0108.jpg,2900,0,42,M,0,No Finding
image_0109.jpg,15461,0,53,M,0,No Finding
image_0110.jpg,6881,0,52,F,0,No Finding
image_0111.jpg,25039,0,23,F,0,No Finding
image_0112.jpg,18186,13,42,M,0,No Finding
image_0113.jpg,7550,0,38,F,0,No Finding
image_0114.jpg,12087,12,64,F,0,No Finding
image_0115.jpg,18100,3,57,M,0,No Finding
image_0116.jpg,16577,15,59,M,0,No Finding
image_0117.jpg,2060,2,52,F,0,No Finding
image_0118.jpg,13894,1,20,M,0,No Finding
image_0119.jpg,4442,3,60,M,0,No Finding
image_0120.jpg,15357,0,53,M,0,No Finding
image_0121.jpg,5913,1,69,F,0,No Finding
image_0122.jpg,22322,4,30,F,0,No Finding
image_0123.jpg,6232,1,47,M,0,No Finding
image_0124.jpg,9340,4,56,M,0,No Finding
image_0125.jpg,271,4,45,F,1,Cardiomegaly
image_0126.jpg,573,6,55,M,0,No Finding
image_0127.jpg,18434,5,53,M,0,No Finding
image_0128.jpg,5530,1,50,F,0,No Finding
image_0129.jpg,583,1,38,F,0,No Finding
image_0130.jpg,16374,0,35,M,0,No Finding
image_0131.jpg,8147,6,15,M,0,No Finding
image_0132.jpg,16550,16,19,M,0,No Finding
image_0133.jpg,21065,0,68,F,0,No Finding
image_0134.jpg,30752,0,64,F,0,No Finding
image_0135.jpg,30101,2,68,M,0,No Finding
image_0136.jpg,14975,0,53,M,0,No Finding
image_0137.jpg,11156,2,62,M,0,No Finding
image_0138.jpg,15187,2,66,F,0,No Finding
image_0139.jpg,22427,2,48,F,0,No Finding
image_0140.jpg,4608,2,61,M,0,No Finding
image_0141.jpg,23519,0,29,F,0,No Finding
image_0142.jpg,15981,2,69,M,0,No Finding
image_0143.jpg,10906,0,59,M,0,No Finding
image_0144.jpg,14593,0,22,F,0,No Finding
image_0145.jpg,15733,0,33,F,0,No Finding
image_0146.jpg,24129,1,50,M,0,No Finding
image_0147.jpg,13214,3,25,M,0,No Finding
image_0148.jpg,11379,8,9,M,0,No Finding
image_0149.jpg,18187,50,32,F,0,No Finding
image_0150.jpg,20945,30,34,M,0,No Finding
image_0151.jpg,10711,2,34,M,0,No Finding
image_0152.jpg,1504,7,69,M,0,No Finding
image_0153.jpg,14052,6,71,M,0,No Finding
image_0154.jpg,13874,0,32,M,0,No Finding
image_0155.jpg,13555,10,53,M,0,No Finding
image_0156.jpg,17209,3,26,M,0,No Finding
image_0157.jpg,10238,2,53,M,0,No Finding
image_0158.jpg,26374,2,87,M,0,No Finding
image_0159.jpg,10203,8,50,F,0,No Finding
image_0160.jpg,193,0,54,M,0,No Finding
image_0161.jpg,6330,4,66,M,0,No Finding
image_0162.jpg,5200,7,12,F,0,No Finding
image_0163.jpg,9437,11,40,F,0,No Finding
image_0164.jpg,6519,3,57,M,0,No Finding
image_0165.jpg,20153,0,54,M,0,No Finding
image_0166.jpg,3945,11,41,M,0,No Finding
image_0167.jpg,18865,30,70,F,0,No Finding
image_0168.jpg,20505,19,51,M,0,No Finding
image_0169.jpg,21091,7,47,M,0,No Finding
image_0170.jpg,18175,7,55,M,0,No Finding
image_0171.jpg,11818,0,61,F,0,No Finding
image_0172.jpg,12007,1,56,M,0,No Finding
image_0173.jpg,21988,3,16,M,0,No Finding
image_0174.jpg,175,0,60,M,0,No Finding
image_0175.jpg,4915,4,61,M,0,No Finding
image_0176.jpg,4257,2,80,F,0,No Finding
image_0177.jpg,13229,1,35,M,0,No Finding
image_0178.jpg,8226,4,46,M,1,Cardiomegaly
image_0179.jpg,15641,11,69,F,0,No Finding
image_0180.jpg,27590,7,59,F,0,No Finding
image_0181.jpg,3776,1,54,M,0,No Finding
image_0182.jpg,25707,12,60,F,0,No Finding
image_0183.jpg,7343,0,25,M,0,No Finding
image_0184.jpg,21954,0,63,M,0,No Finding
image_0185.jpg,15573,0,21,M,0,No Finding
image_0186.jpg,23515,0,41,F,0,No Finding
image_0187.jpg,18641,1,49,M,0,No Finding
image_0188.jpg,25252,76,30,M,0,No Finding
image_0189.jpg,1650,7,62,M,0,No Finding
image_0190.jpg,13329,1,70,F,0,No Finding
image_0191.jpg,11298,0,61,F,0,No Finding
image_0192.jpg,265,5,60,M,0,No Finding
image_0193.jpg,27311,7,42,F,0,No Finding
image_0194.jpg,21381,35,65,F,0,No Finding
image_0195.jpg,29964,1,8,M,0,No Finding
image_0196.jpg,17070,7,57,M,0,No Finding
image_0197.jpg,12470,13,15,M,0,No Finding
image_0198.jpg,8075,1,55,F,0,No Finding
image_0199.jpg,18245,9,45,F,0,No Finding
image_0200.jpg,12414,5,45,M,0,No Finding
image_0201.jpg,1748,6,57,M,0,No Finding
image_0202.jpg,14523,2,36,F,0,No Finding
image_0203.jpg,3649,2,50,M,0,No Finding
image_0204.jpg,7628,0,41,M,0,No Finding
image_0205.jpg,4533,15,30,M,0,No Finding
image_0206.jpg,24841,0,63,M,0,No Finding
image_0207.jpg,9743,0,17,F,0,No Finding
image_0208.jpg,17681,0,58,M,0,No Finding
image_0209.jpg,12931,14,47,F,0,No Finding
image_0210.jpg,8083,0,22,M,0,No Finding
image_0211.jpg,21440,0,54,M,0,No Finding
image_0212.jpg,21029,0,23,F,0,No Finding
image_0213.jpg,15039,0,44,F,0,No Finding
image_0214.jpg,30505,1,56,F,0,No Finding
image_0215.jpg,6535,5,39,M,0,No Finding
image_0216.jpg,8042,10,48,F,0,No Finding
image_0217.jpg,7823,0,73,M,0,No Finding
image_0218.jpg,3412,0,24,F,0,No Finding
image_0219.jpg,24292,2,51,M,0,No Finding
image_0220.jpg,16587,90,47,F,0,No Finding
image_0221.jpg,7992,0,19,M,0,No Finding
image_0222.jpg,25562,0,27,M,0,No Finding
image_0223.jpg,16918,6,64,M,0,No Finding
image_0224.jpg,1697,1,47,M,0,No Finding
image_0225.jpg,2236,1,56,F,0,No Finding
image_0226.jpg,8184,4,47,F,0,No Finding
image_0227.jpg,7811,0,53,F,0,No Finding
image_0228.jpg,24603,0,23,M,0,No Finding
image_0229.jpg,21201,46,66,M,0,No Finding
image_0230.jpg,11808,13,49,M,0,No Finding
image_0231.jpg,17324,12,35,F,0,No Finding
image_0232.jpg,22187,1,23,M,0,No Finding
image_0233.jpg,4264,0,59,F,0,No Finding
image_0234.jpg,28198,2,23,F,0,No Finding
image_0235.jpg,21565,20,39,M,0,No Finding
image_0236.jpg,29792,0,31,F,0,No Finding
image_0237.jpg,16143,5,51,F,0,No Finding
image_0238.jpg,4870,4,58,F,0,No Finding
image_0239.jpg,1648,3,44,M,0,No Finding
image_0240.jpg,3811,1,21,M,0,No Finding
image_0241.jpg,18667,0,40,F,0,No Finding
image_0242.jpg,19176,65,66,F,0,No Finding
image_0243.jpg,2860,21,46,F,0,No Finding
image_0244.jpg,2232,0,30,M,0,No Finding
image_0245.jpg,1247,1,42,M,0,No Finding
image_0246.jpg,28894,0,26,F,0,No Finding
image_0247.jpg,26232,1,26,F,0,No Finding
image_0248.jpg,230,6,60,M,0,No Finding
image_0249.jpg,12052,0,12,M,0,No Finding
image_0250.jpg,9487,1,47,F,0,No Finding
image_0251.jpg,24161,0,55,M,0,No Finding
image_0252.jpg,1199,1,51,M,0,No Finding
image_0253.jpg,8633,0,56,F,0,No Finding
image_0254.jpg,26927,0,59,M,0,No Finding
image_0255.jpg,21635,3,50,M,0,No Finding
image_0256.jpg,10531,87,27,F,0,No Finding
image_0257.jpg,27617,0,15,M,0,No Finding
image_0258.jpg,7034,20,31,F,0,No Finding
image_0259.jpg,22878,0,62,M,0,No Finding
image_0260.jpg,12184,3,56,F,0,No Finding
image_0261.jpg,7260,0,77,M,0,No Finding
image_0262.jpg,5641,7,34,F,0,No Finding
image_0263.jpg,8203,0,50,F,0,No Finding
image_0264.jpg,891,1,63,M,0,No Finding
image_0265.jpg,22106,7,23,M,0,No Finding
image_0266.jpg,25368,6,41,M,0,No Finding
image_0267.jpg,19681,0,29,F,0,No Finding
image_0268.jpg,3898,1,65,M,0,No Finding
image_0269.jpg,20274,3,53,F,0,No Finding
image_0270.jpg,9689,22,56,M,0,No Finding
image_0271.jpg,8865,0,82,M,0,No Finding
image_0272.jpg,10106,0,51,F,0,No Finding
image_0273.jpg,8978,0,58,M,0,No Finding
image_0274.jpg,11606,2,34,M,0,No Finding
image_0275.jpg,876,0,25,F,0,No Finding
image_0276.jpg,12372,1,10,M,0,No Finding
image_0277.jpg,12308,3,28,F,0,No Finding
image_0278.jpg,1949,1,70,F,0,No Finding
image_0279.jpg,13573,0,73,M,0,No Finding
image_0280.jpg,16410,43,42,F,0,No Finding
image_0281.jpg,10600,0,30,F,0,No Finding
image_0282.jpg,11311,5,29,M,0,No Finding
image_0283.jpg,7895,0,66,M,0,No Finding
image_0284.jpg,6995,0,25,M,0,No Finding
image_0285.jpg,16030,8,43,F,0,No Finding
image_0286.jpg,13803,0,77,M,0,No Finding
image_0287.jpg,13564,0,40,F,0,No Finding
image_0288.jpg,1124,0,31,M,0,No Finding
image_0289.jpg,13436,3,71,M,0,No Finding
image_0290.jpg,5079,1,11,M,0,No Finding
image_0291.jpg,12719,4,53,M,0,No Finding
image_0292.jpg,28040,0,41,M,0,No Finding
image_0293.jpg,3891,2,56,M,0,No Finding
image_0294.jpg,27260,4,56,F,0,No Finding
image_0295.jpg,12370,4,39,F,0,No Finding
image_0296.jpg,19961,7,64,M,0,No Finding
image_0297.jpg,25124,5,33,M,0,No Finding
image_0298.jpg,4151,1,52,M,0,No Finding
image_0299.jpg,368,10,35,M,0,No Finding
image_0300.jpg,17920,19,46,M,0,No Finding
image_0301.jpg,4045,0,27,F,0,No Finding
image_0302.jpg,10198,11,61,M,0,No Finding
image_0303.jpg,24468,0,35,M,0,No Finding
image_0304.jpg,2212,1,47,F,0,No Finding
image_0305.jpg,5007,0,78,M,0,No Finding
image_0306.jpg,20261,0,40,F,0,No Finding
image_0307.jpg,30573,7,26,M,0,No Finding
image_0308.jpg,21374,36,81,M,0,No Finding
image_0309.jpg,2586,5,66,M,0,No Finding
image_0310.jpg,11567,2,43,F,0,No Finding
image_0311.jpg,16587,87,47,F,0,No Finding
image_0312.jpg,14314,5,56,F,0,No Finding
image_0313.jpg,177,5,60,M,0,No Finding
image_0314.jpg,8039,3,35,M,0,No Finding
image_0315.jpg,28838,0,58,M,0,No Finding
image_0316.jpg,27933,0,35,M,0,No Finding
image_0317.jpg,2040,0,41,F,0,No Finding
image_0318.jpg,5797,3,65,M,0,No Finding
image_0319.jpg,26636,1,57,F,0,No Finding
image_0320.jpg,20641,0,55,F,0,No Finding
image_0321.jpg,10581,0,56,M,0,No Finding
image_0322.jpg,19965,0,82,F,0,No Finding
image_0323.jpg,10262,2,41,M,0,No Finding
image_0324.jpg,12349,1,43,F,0,No Finding
image_0325.jpg,27892,1,51,M,0,No Finding
image_0326.jpg,1643,2,14,M,0,No Finding
image_0327.jpg,3005,10,50,M,0,No Finding
image_0328.jpg,81,0,67,M,0,No Finding
image_0329.jpg,13057,0,25,F,0,No Finding
image_0330.jpg,5200,11,13,F,0,No Finding
image_0331.jpg,4344,0,45,F,1,Cardiomegaly
image_0332.jpg,16930,6,30,F,0,No Finding
image_0333.jpg,25746,0,57,M,0,No Finding
image_0334.jpg,30079,41,16,M,0,No Finding
image_0335.jpg,22483,0,52,F,0,No Finding
image_0336.jpg,19611,0,63,F,0,No Finding
image_0337.jpg,2719,0,70,F,0,No Finding
image_0338.jpg,2288,2,60,M,0,No Finding
image_0339.jpg,1776,0,48,M,0,No Finding
image_0340.jpg,20494,0,37,F,0,No Finding
image_0341.jpg,10463,1,20,F,0,No Finding
image_0342.jpg,4339,2,55,M,0,No Finding
image_0343.jpg,22459,1,65,F,0,No Finding
image_0344.jpg,13890,15,37,F,0,No Finding
image_0345.jpg,8825,2,78,F,0,No Finding
image_0346.jpg,17049,6,38,M,0,No Finding
image_0347.jpg,14429,17,62,F,0,No Finding
image_0348.jpg,10899,1,36,F,0,No Finding
image_0349.jpg,2638,0,40,F,0,No Finding
image_0350.jpg,5312,1,38,F,0,No Finding
image_0351.jpg,14362,16,45,F,0,No Finding
image_0352.jpg,11524,2,58,F,0,No Finding
image_0353.jpg,15291,0,23,F,0,No Finding
image_0354.jpg,391,3,79,F,0,No Finding
image_0355.jpg,25150,10,50,M,0,No Finding
image_0356.jpg,20602,2,22,M,0,No Finding
image_0357.jpg,14524,3,54,M,0,No Finding
image_0358.jpg,4519,1,57,M,0,No Finding
image_0359.jpg,18610,50,64,M,0,No Finding
image_0360.jpg,20699,23,64,M,0,No Finding
image_0361.jpg,7346,4,43,M,0,No Finding
image_0362.jpg,6267,0,42,M,0,No Finding
image_0363.jpg,16879,0,53,M,0,No Finding
image_0364.jpg,7810,8,40,F,0,No Finding
image_0365.jpg,13174,1,34,M,0,No Finding
image_0366.jpg,21547,13,52,M,0,No Finding
image_0367.jpg,18664,0,41,M,0,No Finding
image_0368.jpg,3580,0,49,M,0,No Finding
image_0369.jpg,14022,61,66,M,0,No Finding
image_0370.jpg,8270,0,59,M,0,No Finding
image_0371.jpg,23749,0,39,M,0,No Finding
image_0372.jpg,2549,3,42,F,0,No Finding
image_0373.jpg,520,0,63,M,0,No Finding
image_0374.jpg,23283,6,50,F,0,No Finding
image_0375.jpg,20213,44,72,F,0,No Finding
image_0376.jpg,7934,0,51,M,0,No Finding
image_0377.jpg,15760,3,59,M,0,No Finding
image_0378.jpg,7735,13,30,M,0,No Finding
image_0379.jpg,26708,0,57,M,0,No Finding
image_0380.jpg,22591,1,74,F,0,No Finding
image_0381.jpg,9783,0,46,F,0,No Finding
image_0382.jpg,1334,1,45,F,0,No Finding
image_0383.jpg,30696,0,24,M,0,No Finding
image_0384.jpg,6497,2,65,M,0,No Finding
image_0385.jpg,2270,0,61,M,0,No Finding
image_0386.jpg,6481,5,49,M,1,Cardiomegaly
image_0387.jpg,4652,0,57,M,0,No Finding
image_0388.jpg,22322,2,29,F,0,No Finding
image_0389.jpg,894,0,60,M,0,No Finding
image_0390.jpg,2173,0,64,F,0,No Finding
image_0391.jpg,16437,2,47,M,0,No Finding
image_0392.jpg,17944,1,37,M,0,No Finding
image_0393.jpg,16031,0,23,M,0,No Finding
image_0394.jpg,22095,0,44,M,0,No Finding
image_0395.jpg,15466,2,65,F,0,No Finding
image_0396.jpg,20102,0,55,F,0,No Finding
image_0397.jpg,19387,0,62,F,0,No Finding
image_0398.jpg,26925,29,38,F,0,No Finding
image_0399.jpg,738,0,26,F,0,No Finding
image_0400.jpg,12291,9,53,M,0,No Finding
image_0401.jpg,14203,7,30,M,0,No Finding
image_0402.jpg,19952,3,36,M,0,No Finding
image_0403.jpg,1182,9,29,M,0,No Finding
image_0404.jpg,20945,39,34,M,0,No Finding
image_0405.jpg,12880,14,64,M,0,No Finding
image_0406.jpg,95,0,50,F,0,No Finding
image_0407.jpg,8459,1,55,M,0,No Finding
image_0408.jpg,28131,14,52,M,0,No Finding
image_0409.jpg,5014,2,72,M,0,No Finding
image_0410.jpg,5271,0,37,M,0,No Finding
image_0411.jpg,3140,0,29,F,0,No Finding
image_0412.jpg,21853,0,67,F,0,No Finding
image_0413.jpg,14839,24,30,F,0,No Finding
image_0414.jpg,8830,1,37,F,0,No Finding
image_0415.jpg,289,1,77,F,0,No Finding
image_0416.jpg,5204,0,6,F,0,No Finding
image_0417.jpg,28060,1,56,M,0,No Finding
image_0418.jpg,1673,14,35,F,0,No Finding
image_0419.jpg,4920,2,64,M,0,No Finding
image_0420.jpg,27643,1,28,F,0,No Finding
image_0421.jpg,29054,1,39,M,0,No Finding
image_0422.jpg,23009,2,20,M,0,No Finding
image_0423.jpg,2215,0,12,F,0,No Finding
image_0424.jpg,13036,25,14,M,0,No Finding
image_0425.jpg,6981,0,60,M,0,No Finding
image_0426.jpg,6973,7,62,M,0,No Finding
image_0427.jpg,5135,0,60,F,0,No Finding
image_0428.jpg,18382,0,72,M,0,No Finding
image_0429.jpg,15597,0,50,F,0,No Finding
image_0430.jpg,4521,3,68,M,0,No Finding
image_0431.jpg,7319,0,55,M,0,No Finding
image_0432.jpg,5371,0,35,M,0,No Finding
image_0433.jpg,507,0,26,M,0,No Finding
image_0434.jpg,14359,0,41,M,0,No Finding
image_0435.jpg,25854,0,38,M,0,No Finding
image_0436.jpg,17398,1,22,F,0,No Finding
image_0437.jpg,7576,48,33,M,0,No Finding
image_0438.jpg,6046,5,41,F,0,No Finding
image_0439.jpg,16750,0,31,F,0,No Finding
image_0440.jpg,18704,1,50,M,0,No Finding
image_0441.jpg,23158,0,65,F,1,Cardiomegaly
image_0442.jpg,16577,9,59,M,0,No Finding
image_0443.jpg,28967,0,60,M,0,No Finding
image_0444.jpg,23155,4,57,M,0,No Finding
image_0445.jpg,23798,0,31,F,0,No Finding
image_0446.jpg,9710,1,53,M,0,No Finding
image_0447.jpg,23671,0,35,F,0,No Finding
image_0448.jpg,12543,7,65,M,0,No Finding
image_0449.jpg,10445,4,48,M,0,No Finding
image_0450.jpg,30237,0,33,F,0,No Finding
image_0451.jpg,3459,29,52,F,0,No Finding
image_0452.jpg,7923,1,40,F,0,No Finding
image_0453.jpg,8950,1,51,F,0,No Finding
image_0454.jpg,29470,17,46,M,0,No Finding
image_0455.jpg,26292,6,75,M,0,No Finding
image_0456.jpg,27953,0,61,M,1,Cardiomegaly
image_0457.jpg,11331,1,63,M,0,No Finding
image_0458.jpg,14688,8,55,M,0,No Finding
image_0459.jpg,1748,2,53,M,0,No Finding
image_0460.jpg,14427,10,49,M,0,No Finding
image_0461.jpg,28682,4,55,M,0,No Finding
image_0462.jpg,7307,2,36,M,0,No Finding
image_0463.jpg,7838,0,78,M,0,No Finding
image_0464.jpg,10343,3,62,M,0,No Finding
image_0465.jpg,13250,0,58,M,0,No Finding
image_0466.jpg,11568,5,44,M,0,No Finding
image_0467.jpg,7627,5,51,F,0,No Finding
image_0468.jpg,1952,7,10,F,0,No Finding
image_0469.jpg,20037,14,45,M,0,No Finding
image_0470.jpg,9103,0,51,F,0,No Finding
image_0471.jpg,21309,1,32,M,0,No Finding
image_0472.jpg,27095,0,41,F,0,No Finding
image_0473.jpg,5348,14,47,M,0,No Finding
image_0474.jpg,15703,1,69,M,0,No Finding
image_0475.jpg,22707,15,46,F,0,No Finding
image_0476.jpg,18610,4,64,M,0,No Finding
image_0477.jpg,26439,0,30,F,0,No Finding
image_0478.jpg,1968,3,35,F,0,No Finding
image_0479.jpg,9333,4,62,M,0,No Finding
image_0480.jpg,25904,1,19,M,0,No Finding
image_0481.jpg,30275,0,29,F,0,No Finding
image_0482.jpg,13498,1,33,M,0,No Finding
image_0483.jpg,14253,37,60,M,0,No Finding
image_0484.jpg,5834,0,13,M,0,No Finding
image_0485.jpg,25260,0,37,F,0,No Finding
image_0486.jpg,16607,14,64,M,0,No Finding
image_0487.jpg,20505,16,50,M,0,No Finding
image_0488.jpg,13620,1,61,M,0,No Finding
image_0489.jpg,27462,2,32,F,0,No Finding
image_0490.jpg,10563,24,34,M,0,No Finding
image_0491.jpg,25664,18,71,M,0,No Finding
image_0492.jpg,20760,0,44,F,0,No Finding
image_0493.jpg,3259,0,54,F,0,No Finding
image_0494.jpg,4278,2,14,M,0,No Finding
image_0495.jpg,19314,1,65,M,0,No Finding
image_0496.jpg,15764,3,42,F,0,No Finding
image_0497.jpg,4470,8,37,F,0,No Finding
image_0498.jpg,20995,2,30,M,0,No Finding
image_0499.jpg,11328,1,39,M,0,No Finding
image_0500.jpg,468,45,23,M,0,No Finding
image_0501.jpg,29043,1,72,M,0,No Finding
image_0502.jpg,3085,2,54,F,0,No Finding
image_0503.jpg,9609,4,52,M,1,Cardiomegaly
image_0504.jpg,545,5,39,M,0,No Finding
image_0505.jpg,23061,1,61,F,0,No Finding
image_0506.jpg,2174,1,45,F,0,No Finding
image_0507.jpg,3045,5,65,F,0,No Finding
image_0508.jpg,28225,0,32,F,0,No Finding
image_0509.jpg,17000,0,35,M,0,No Finding
image_0510.jpg,26491,1,46,M,0,No Finding
image_0511.jpg,8511,1,25,M,0,No Finding
image_0512.jpg,22698,0,62,F,0,No Finding
image_0513.jpg,29697,1,68,F,0,No Finding
image_0514.jpg,27528,2,37,M,0,No Finding
image_0515.jpg,15171,12,64,M,0,No Finding
image_0516.jpg,1075,40,51,F,0,No Finding
image_0517.jpg,29601,0,44,F,0,No Finding
image_0518.jpg,12241,3,25,M,0,No Finding
image_0519.jpg,30323,26,31,F,0,No Finding
image_0520.jpg,14323,3,3,M,0,No Finding
image_0521.jpg,3360,6,13,M,0,No Finding
image_0522.jpg,10892,0,19,F,0,No Finding
image_0523.jpg,27557,2,76,M,0,No Finding
image_0524.jpg,3527,8,52,F,0,No Finding
image_0525.jpg,20652,8,41,F,0,No Finding
image_0526.jpg,14811,1,47,F,0,No Finding
image_0527.jpg,10436,5,39,F,0,No Finding
image_0528.jpg,13670,92,56,M,0,No Finding
image_0529.jpg,20894,4,49,M,0,No Finding
image_0530.jpg,15151,3,87,F,0,No Finding
image_0531.jpg,19196,1,60,M,0,No Finding
image_0532.jpg,1004,0,66,M,0,No Finding
image_0533.jpg,21241,0,45,M,0,No Finding
image_0534.jpg,6271,68,40,M,0,No Finding
image_0535.jpg,9937,2,38,M,0,No Finding
image_0536.jpg,17862,15,46,F,0,No Finding
image_0537.jpg,7043,0,53,F,1,Cardiomegaly
image_0538.jpg,3406,4,30,M,0,No Finding
image_0539.jpg,24750,0,42,M,0,No Finding
image_0540.jpg,24264,0,22,M,1,Cardiomegaly
image_0541.jpg,12504,1,65,M,0,No Finding
image_0542.jpg,5015,6,57,M,0,No Finding
image_0543.jpg,1210,4,63,M,0,No Finding
image_0544.jpg,14591,0,9,F,0,No Finding
image_0545.jpg,6018,0,62,F,0,No Finding
image_0546.jpg,6347,0,31,M,0,No Finding
image_0547.jpg,5119,1,20,M,0,No Finding
image_0548.jpg,3574,1,59,F,0,No Finding
image_0549.jpg,18258,0,17,F,0,No Finding
image_0550.jpg,25528,1,65,M,0,No Finding
image_0551.jpg,10284,1,35,F,0,No Finding
image_0552.jpg,12193,1,53,M,0,No Finding
image_0553.jpg,13479,0,33,M,0,No Finding
image_0554.jpg,5391,1,72,F,0,No Finding
image_0555.jpg,18574,7,48,M,0,No Finding
image_0556.jpg,23818,0,29,M,0,No Finding
image_0557.jpg,116,30,75,F,0,No Finding
image_0558.jpg,6439,0,52,F,0,No Finding
image_0559.jpg,197,3,70,M,0,No Finding
image_0560.jpg,17336,1,26,F,0,No Finding
image_0561.jpg,27996,0,29,F,0,No Finding
image_0562.jpg,697,4,54,M,0,No Finding
image_0563.jpg,22015,0,70,F,0,No Finding
image_0564.jpg,14353,1,23,M,0,No Finding
image_0565.jpg,12080,0,73,F,0,No Finding
image_0566.jpg,14466,2,65,F,0,No Finding
image_0567.jpg,9229,0,36,M,1,Cardiomegaly
image_0568.jpg,11859,18,54,M,0,No Finding
image_0569.jpg,14737,4,57,M,0,No Finding
image_0570.jpg,19593,7,53,F,0,No Finding
image_0571.jpg,8051,46,49,M,0,No Finding
image_0572.jpg,4762,2,71,M,0,No Finding
image_0573.jpg,219,3,80,M,0,No Finding
image_0574.jpg,12051,5,10,F,0,No Finding
image_0575.jpg,17138,55,24,M,0,No Finding
image_0576.jpg,14465,0,60,M,0,No Finding
image_0577.jpg,18464,12,58,F,0,No Finding
image_0578.jpg,15360,5,53,F,0,No Finding
image_0579.jpg,6920,2,46,M,0,No Finding
image_0580.jpg,29901,2,48,M,0,No Finding
image_0581.jpg,10062,1,41,M,0,No Finding
image_0582.jpg,23049,0,58,F,0,No Finding
image_0583.jpg,26474,3,70,F,0,No Finding
image_0584.jpg,1721,0,36,F,0,No Finding
image_0585.jpg,22516,1,32,M,0,No Finding
image_0586.jpg,7361,0,37,F,0,No Finding
image_0587.jpg,24192,0,38,M,0,No Finding
image_0588.jpg,5389,1,32,M,0,No Finding
image_0589.jpg,25755,0,16,M,0,No Finding
image_0590.jpg,1075,31,60,F,0,No Finding
image_0591.jpg,3669,3,81,M,0,No Finding
image_0592.jpg,14265,14,24,M,0,No Finding
image_0593.jpg,15515,0,24,F,0,No Finding
image_0594.jpg,7024,0,54,M,0,No Finding
image_0595.jpg,16543,0,33,M,0,No Finding
image_0596.jpg,1930,1,40,F,0,No Finding
image_0597.jpg,20438,7,29,M,0,No Finding
image_0598.jpg,4533,12,30,M,1,Cardiomegaly
image_0599.jpg,30187,0,60,M,0,No Finding
image_0600.jpg,18530,1,49,F,0,No Finding
image_0601.jpg,9473,2,28,F,0,No Finding
image_0602.jpg,26071,3,76,F,0,No Finding
image_0603.jpg,6326,2,37,M,0,No Finding
image_0604.jpg,19781,1,16,M,0,No Finding
image_0605.jpg,22144,4,31,F,0,No Finding
image_0606.jpg,29643,0,24,M,0,No Finding
image_0607.jpg,13711,1,38,M,0,No Finding
image_0608.jpg,2668,2,57,F,0,No Finding
image_0609.jpg,14275,0,30,M,0,No Finding
image_0610.jpg,7154,1,64,M,0,No Finding
image_0611.jpg,2080,4,65,F,0,No Finding
image_0612.jpg,14715,0,38,F,0,No Finding
image_0613.jpg,28072,3,47,M,0,No Finding
image_0614.jpg,9133,0,52,F,0,No Finding
image_0615.jpg,29745,5,46,M,0,No Finding
image_0616.jpg,1700,1,57,M,0,No Finding
image_0617.jpg,10914,8,50,M,0,No Finding
image_0618.jpg,19058,5,59,F,0,No Finding
image_0619.jpg,30607,1,58,F,0,No Finding
image_0620.jpg,23325,7,79,F,0,No Finding
image_0621.jpg,25712,0,52,F,0,No Finding
image_0622.jpg,8649,8,61,M,0,No Finding
image_0623.jpg,1937,0,81,F,0,No Finding
image_0624.jpg,4822,2,32,M,0,No Finding
image_0625.jpg,8009,5,16,M,0,No Finding
image_0626.jpg,1865,0,19,F,0,No Finding
image_0627.jpg,155,0,58,F,1,Cardiomegaly
image_0628.jpg,22651,21,20,M,0,No Finding
image_0629.jpg,20503,0,46,M,0,No Finding
image_0630.jpg,7455,2,24,F,0,No Finding
image_0631.jpg,22083,1,68,M,0,No Finding
image_0632.jpg,16589,6,28,F,0,No Finding
image_0633.jpg,29747,1,47,F,0,No Finding
image_0634.jpg,3005,13,50,M,0,No Finding
image_0635.jpg,4893,72,34,M,0,No Finding
image_0636.jpg,20294,10,61,M,0,No Finding
image_0637.jpg,2644,5,46,M,0,No Finding
image_0638.jpg,23859,0,33,M,0,No Finding
image_0639.jpg,6850,9,57,M,0,No Finding
image_0640.jpg,13750,10,56,M,0,No Finding
image_0641.jpg,10232,0,35,M,0,No Finding
image_0642.jpg,5851,0,18,M,0,No Finding
image_0643.jpg,6880,0,48,F,0,No Finding
image_0644.jpg,25683,0,15,M,0,No Finding
image_0645.jpg,13479,3,34,M,0,No Finding
image_0646.jpg,10932,5,54,M,0,No Finding
image_0647.jpg,18557,5,68,M,0,No Finding
image_0648.jpg,25568,6,48,F,0,No Finding
image_0649.jpg,28211,6,65,F,0,No Finding
image_0650.jpg,2280,1,59,F,0,No Finding
image_0651.jpg,18253,35,71,F,0,No Finding
image_0652.jpg,6769,0,53,F,0,No Finding
image_0653.jpg,24612,0,23,M,0,No Finding
image_0654.jpg,19426,3,48,F,0,No Finding
image_0655.jpg,27465,5,22,M,0,No Finding
image_0656.jpg,8430,0,48,M,0,No Finding
image_0657.jpg,3336,1,49,M,0,No Finding
image_0658.jpg,20505,21,51,M,0,No Finding
image_0659.jpg,27929,8,63,F,0,No Finding
image_0660.jpg,29479,2,49,F,0,No Finding
image_0661.jpg,14455,1,59,M,0,No Finding
image_0662.jpg,18187,8,32,F,0,No Finding
image_0663.jpg,14203,50,31,M,0,No Finding
image_0664.jpg,24250,0,60,M,0,No Finding
image_0665.jpg,4916,2,34,F,0,No Finding
image_0666.jpg,7169,1,58,F,0,No Finding
image_0667.jpg,20725,3,50,M,0,No Finding
image_0668.jpg,10172,4,60,F,0,No Finding
image_0669.jpg,10266,1,45,F,0,No Finding
image_0670.jpg,10462,7,21,M,0,No Finding
image_0671.jpg,12628,10,50,F,0,No Finding
image_0672.jpg,15953,23,42,F,0,No Finding
image_0673.jpg,4571,12,73,M,0,No Finding
image_0674.jpg,29996,0,42,F,0,No Finding
image_0675.jpg,8391,1,60,M,0,No Finding
image_0676.jpg,12973,7,58,M,0,No Finding
image_0677.jpg,9530,0,69,M,0,No Finding
image_0678.jpg,13646,0,62,F,0,No Finding
image_0679.jpg,5809,1,34,M,0,No Finding
image_0680.jpg,25883,0,54,F,0,No Finding
image_0681.jpg,17081,4,40,F,0,No Finding
image_0682.jpg,16254,0,52,F,0,No Finding
image_0683.jpg,16484,23,7,F,0,No Finding
image_0684.jpg,2016,0,63,F,0,No Finding
image_0685.jpg,17236,44,46,M,0,No Finding
image_0686.jpg,21275,7,19,F,0,No Finding
image_0687.jpg,24569,0,37,M,0,No Finding
image_0688.jpg,13858,2,61,M,0,No Finding
image_0689.jpg,4398,0,45,M,0,No Finding
image_0690.jpg,17324,1,35,F,0,No Finding
image_0691.jpg,8062,5,32,F,0,No Finding
image_0692.jpg,25957,0,50,F,0,No Finding
image_0693.jpg,22873,0,14,M,0,No Finding
image_0694.jpg,25838,5,71,M,0,No Finding
image_0695.jpg,3996,8,45,M,0,No Finding
image_0696.jpg,12386,0,50,F,0,No Finding
image_0697.jpg,19891,2,53,F,0,No Finding
image_0698.jpg,27368,7,20,F,0,No Finding
image_0699.jpg,14934,1,55,M,0,No Finding
image_0700.jpg,3321,1,67,M,0,No Finding
image_0701.jpg,14503,0,68,F,0,No Finding
image_0702.jpg,12616,9,74,M,0,No Finding
image_0703.jpg,28900,0,46,M,0,No Finding
image_0704.jpg,10936,20,39,F,0,No Finding
image_0705.jpg,1462,0,48,F,0,No Finding
image_0706.jpg,9575,0,30,M,0,No Finding
image_0707.jpg,26031,9,34,F,0,No Finding
image_0708.jpg,26859,0,11,M,0,No Finding
image_0709.jpg,28499,9,20,F,0,No Finding
image_0710.jpg,14290,5,41,M,0,No Finding
image_0711.jpg,16926,0,64,F,0,No Finding
image_0712.jpg,18703,4,62,M,0,No Finding
image_0713.jpg,18840,27,21,F,0,No Finding
image_0714.jpg,26793,1,63,M,0,No Finding
image_0715.jpg,4278,1,13,M,0,No Finding
image_0716.jpg,13844,2,37,M,0,No Finding
image_0717.jpg,4914,0,12,M,0,No Finding
image_0718.jpg,22837,50,66,M,0,No Finding
image_0719.jpg,29336,0,60,F,0,No Finding
image_0720.jpg,23776,0,29,F,0,No Finding
image_0721.jpg,7596,5,70,M,0,No Finding
image_0722.jpg,15376,15,60,F,0,No Finding
image_0723.jpg,19363,11,55,F,0,No Finding
image_0724.jpg,17726,10,47,M,0,No Finding
image_0725.jpg,13520,1,17,M,0,No Finding
image_0726.jpg,8764,2,60,F,0,No Finding
image_0727.jpg,25340,0,72,F,0,No Finding
image_0728.jpg,6752,6,48,M,0,No Finding
image_0729.jpg,14874,2,30,M,0,No Finding
image_0730.jpg,6697,4,31,M,0,No Finding
image_0731.jpg,18360,38,62,M,0,No Finding
image_0732.jpg,13107,1,70,F,0,No Finding
image_0733.jpg,23019,0,29,F,0,No Finding
image_0734.jpg,21335,2,65,M,0,No Finding
image_0735.jpg,143,4,90,M,0,No Finding
image_0736.jpg,1105,0,65,F,0,No Finding
image_0737.jpg,28844,4,65,M,0,No Finding
image_0738.jpg,8373,0,53,M,0,No Finding
image_0739.jpg,14792,10,57,M,0,No Finding
image_0740.jpg,360,0,44,M,0,No Finding
image_0741.jpg,9863,24,40,F,0,No Finding
image_0742.jpg,11500,0,75,F,0,No Finding
image_0743.jpg,27859,1,48,F,0,No Finding
image_0744.jpg,23501,0,66,M,0,No Finding
image_0745.jpg,19915,0,54,M,0,No Finding
image_0746.jpg,5562,1,53,M,0,No Finding
image_0747.jpg,20437,12,56,F,0,No Finding
image_0748.jpg,28038,0,47,F,0,No Finding
image_0749.jpg,3511,0,45,F,0,No Finding
image_0750.jpg,9995,8,62,M,0,No Finding
image_0751.jpg,17869,0,17,F,0,No Finding
image_0752.jpg,14378,1,53,M,0,No Finding
image_0753.jpg,13641,35,39,M,0,No Finding
image_0754.jpg,26882,0,31,F,0,No Finding
image_0755.jpg,4510,0,56,M,0,No Finding
image_0756.jpg,3896,0,66,F,0,No Finding
image_0757.jpg,19233,3,45,M,0,No Finding
image_0758.jpg,24362,0,46,M,0,No Finding
image_0759.jpg,12196,0,50,F,0,No Finding
image_0760.jpg,16484,25,7,F,0,No Finding
image_0761.jpg,27323,3,48,F,0,No Finding
image_0762.jpg,22720,0,17,M,0,No Finding
image_0763.jpg,25652,3,64,F,0,No Finding
image_0764.jpg,14936,0,32,M,0,No Finding
image_0765.jpg,12116,2,50,F,0,No Finding
image_0766.jpg,16794,0,43,M,0,No Finding
image_0767.jpg,2995,2,12,F,0,No Finding
image_0768.jpg,3722,5,55,M,0,No Finding
image_0769.jpg,25153,1,30,M,0,No Finding
image_0770.jpg,8888,36,54,F,0,No Finding
image_0771.jpg,16195,0,3,M,0,No Finding
image_0772.jpg,6808,23,38,F,0,No Finding
image_0773.jpg,7442,1,34,F,0,No Finding
image_0774.jpg,25169,8,61,F,0,No Finding
image_0775.jpg,533,3,57,F,0,No Finding
image_0776.jpg,21307,5,43,F,0,No Finding
image_0777.jpg,14885,5,54,F,0,No Finding
image_0778.jpg,10723,7,52,M,0,No Finding
image_0779.jpg,9909,0,43,M,0,No Finding
image_0780.jpg,8835,0,44,M,0,No Finding
image_0781.jpg,17627,0,45,M,1,Cardiomegaly
image_0782.jpg,13616,7,62,M,0,No Finding
image_0783.jpg,15359,0,29,M,0,No Finding
image_0784.jpg,16787,3,51,M,0,No Finding
image_0785.jpg,2864,6,43,F,0,No Finding
image_0786.jpg,13616,3,60,M,0,No Finding
image_0787.jpg,17280,0,67,F,0,No Finding
image_0788.jpg,9826,4,65,F,0,No Finding
image_0789.jpg,14663,11,62,M,0,No Finding
image_0790.jpg,13072,2,16,M,0,No Finding
image_0791.jpg,11973,14,61,M,0,No Finding
image_0792.jpg,27964,0,54,F,0,No Finding
image_0793.jpg,7239,0,52,F,0,No Finding
image_0794.jpg,27067,0,67,M,0,No Finding
image_0795.jpg,5082,0,47,M,0,No Finding
image_0796.jpg,19796,0,36,F,0,No Finding
image_0797.jpg,16587,13,48,F,0,No Finding
image_0798.jpg,3681,1,54,M,0,No Finding
image_0799.jpg,20446,2,25,F,0,No Finding
image_0800.jpg,4649,3,32,M,0,No Finding
image_0801.jpg,23211,31,30,F,0,No Finding
image_0802.jpg,1305,1,31,M,0,No Finding
image_0803.jpg,7726,2,69,M,0,No Finding
image_0804.jpg,20738,1,56,F,0,No Finding
image_0805.jpg,8972,0,29,F,0,No Finding
image_0806.jpg,7615,0,26,F,0,No Finding
image_0807.jpg,11768,2,56,F,0,No Finding
image_0808.jpg,2256,15,41,M,0,No Finding
image_0809.jpg,14877,18,17,M,0,No Finding
image_0810.jpg,523,0,57,F,0,No Finding
image_0811.jpg,21688,0,23,M,0,No Finding
image_0812.jpg,583,6,40,F,0,No Finding
image_0813.jpg,14066,0,37,F,0,No Finding
image_0814.jpg,19363,34,55,F,0,No Finding
image_0815.jpg,22981,2,38,M,0,No Finding
image_0816.jpg,2088,0,48,M,0,No Finding
image_0817.jpg,25239,0,41,M,0,No Finding
image_0818.jpg,16131,0,39,M,0,No Finding
image_0819.jpg,27557,3,76,M,0,No Finding
image_0820.jpg,18259,6,55,M,0,No Finding
image_0821.jpg,26047,1,51,M,0,No Finding
image_0822.jpg,29339,1,59,M,0,No Finding
image_0823.jpg,29780,0,62,M,0,No Finding
image_0824.jpg,12646,2,58,F,0,No Finding
image_0825.jpg,7218,2,50,F,0,No Finding
image_0826.jpg,5722,13,38,M,0,No Finding
image_0827.jpg,9863,15,40,F,0,No Finding
image_0828.jpg,11605,14,43,F,0,No Finding
image_0829.jpg,41,3,62,F,0,No Finding
image_0830.jpg,2704,14,39,F,0,No Finding
image_0831.jpg,11379,31,9,M,0,No Finding
image_0832.jpg,1255,15,13,M,0,No Finding
image_0833.jpg,10042,5,45,M,0,No Finding
image_0834.jpg,5684,4,26,M,0,No Finding
image_0835.jpg,11385,0,59,M,0,No Finding
image_0836.jpg,8663,2,41,F,0,No Finding
image_0837.jpg,14956,35,44,M,0,No Finding
image_0838.jpg,22829,2,39,M,0,No Finding
image_0839.jpg,12622,30,31,F,0,No Finding
image_0840.jpg,7728,7,33,M,0,No Finding
image_0841.jpg,28973,0,24,M,0,No Finding
image_0842.jpg,19633,0,62,M,0,No Finding
image_0843.jpg,13177,1,33,F,0,No Finding
image_0844.jpg,652,23,51,F,0,No Finding
image_0845.jpg,4819,0,14,F,0,No Finding
image_0846.jpg,3790,0,38,F,0,No Finding
image_0847.jpg,16415,0,57,F,1,Cardiomegaly
image_0848.jpg,4987,0,4,M,0,No Finding
image_0849.jpg,7191,11,30,M,0,No Finding
image_0850.jpg,17537,2,29,M,0,No Finding
image_0851.jpg,4819,3,15,F,0,No Finding
image_0852.jpg,7620,19,24,F,0,No Finding
image_0853.jpg,27470,4,65,M,0,No Finding
image_0854.jpg,15133,0,25,F,0,No Finding
image_0855.jpg,1320,4,48,F,0,No Finding
image_0856.jpg,23566,0,29,M,0,No Finding
image_0857.jpg,4608,7,62,M,0,No Finding
image_0858.jpg,6271,60,40,M,0,No Finding
image_0859.jpg,14906,6,66,M,0,No Finding
image_0860.jpg,2110,0,53,M,0,No Finding
image_0861.jpg,20978,7,53,M,0,No Finding
image_0862.jpg,21852,0,39,F,0,No Finding
image_0863.jpg,17701,0,17,M,0,No Finding
image_0864.jpg,18515,0,73,M,0,No Finding
image_0865.jpg,25118,0,33,F,1,Cardiomegaly
image_0866.jpg,7729,6,59,F,0,No Finding
image_0867.jpg,7796,0,51,F,0,No Finding
image_0868.jpg,21845,5,19,M,1,Cardiomegaly
image_0869.jpg,15275,17,45,M,0,No Finding
image_0870.jpg,30522,0,26,M,0,No Finding
image_0871.jpg,9971,0,49,M,0,No Finding
image_0872.jpg,1373,23,59,M,0,No Finding
image_0873.jpg,6350,0,60,F,0,No Finding
image_0874.jpg,4123,10,53,M,0,No Finding
image_0875.jpg,459,22,57,F,0,No Finding
image_0876.jpg,11514,13,46,M,0,No Finding
image_0877.jpg,19143,1,58,F,0,No Finding
image_0878.jpg,16424,4,27,M,0,No Finding
image_0879.jpg,18574,1,48,M,0,No Finding
image_0880.jpg,22839,3,65,M,0,No Finding
image_0881.jpg,17653,3,61,M,0,No Finding
image_0882.jpg,1583,18,16,M,0,No Finding
image_0883.jpg,8172,1,64,M,0,No Finding
image_0884.jpg,27103,0,17,M,0,No Finding
image_0885.jpg,12863,7,40,F,0,No Finding
image_0886.jpg,23863,0,22,M,0,No Finding
image_0887.jpg,30280,0,46,M,0,No Finding
image_0888.jpg,10609,3,36,F,0,No Finding
image_0889.jpg,21116,0,28,M,0,No Finding
image_0890.jpg,19192,0,69,M,0,No Finding
image_0891.jpg,5977,4,70,M,0,No Finding
image_0892.jpg,14731,29,55,M,0,No Finding
image_0893.jpg,11351,12,43,M,0,No Finding
image_0894.jpg,14990,0,51,M,0,No Finding
image_0895.jpg,22835,2,64,M,0,No Finding
image_0896.jpg,26753,1,49,M,0,No Finding
image_0897.jpg,14265,3,23,M,0,No Finding
image_0898.jpg,29666,13,21,F,0,No Finding
image_0899.jpg,25165,2,41,M,0,No Finding
image_0900.jpg,1785,0,50,F,0,No Finding
image_0901.jpg,21886,0,48,M,1,Cardiomegaly
image_0902.jpg,239,0,42,F,0,No Finding
image_0903.jpg,26597,9,45,M,0,No Finding
image_0904.jpg,6888,0,32,F,0,No Finding
image_0905.jpg,13268,2,51,M,0,No Finding
image_0906.jpg,28829,2,16,F,0,No Finding
image_0907.jpg,24736,0,28,M,0,No Finding
image_0908.jpg,22746,1,49,M,0,No Finding
image_0909.jpg,13055,1,69,M,0,No Finding
image_0910.jpg,12874,21,63,M,0,No Finding
image_0911.jpg,27577,1,68,M,0,No Finding
image_0912.jpg,4734,0,47,F,0,No Finding
image_0913.jpg,21818,6,38,M,0,No Finding
image_0914.jpg,5185,1,58,M,0,No Finding
image_0915.jpg,22398,2,26,M,0,No Finding
image_0916.jpg,13389,0,41,M,0,No Finding
image_0917.jpg,10737,4,8,M,0,No Finding
image_0918.jpg,12585,4,53,M,0,No Finding
image_0919.jpg,21878,1,44,F,0,No Finding
image_0920.jpg,4857,46,35,M,0,No Finding
image_0921.jpg,27252,0,11,F,1,Cardiomegaly
image_0922.jpg,26698,4,43,M,0,No Finding
image_0923.jpg,5528,6,44,M,0,No Finding
image_0924.jpg,6631,1,49,F,0,No Finding
image_0925.jpg,14264,11,57,M,0,No Finding
image_0926.jpg,8943,3,57,M,0,No Finding
image_0927.jpg,26553,0,52,F,0,No Finding
image_0928.jpg,28916,0,84,M,1,Cardiomegaly
image_0929.jpg,23210,0,23,M,0,No Finding
image_0930.jpg,10920,6,30,F,0,No Finding
image_0931.jpg,17944,8,38,M,0,No Finding
image_0932.jpg,22458,10,19,M,0,No Finding
image_0933.jpg,27621,1,57,M,0,No Finding
image_0934.jpg,9574,11,55,M,0,No Finding
image_0935.jpg,16090,0,34,M,0,No Finding
image_0936.jpg,6355,2,51,M,0,No Finding
image_0937.jpg,21219,3,48,M,0,No Finding
image_0938.jpg,475,0,45,M,0,No Finding
image_0939.jpg,22412,0,50,F,0,No Finding
image_0940.jpg,4438,1,51,M,0,No Finding
image_0941.jpg,23138,4,40,M,0,No Finding
image_0942.jpg,3064,41,36,M,0,No Finding
image_0943.jpg,862,0,43,M,0,No Finding
image_0944.jpg,12777,0,31,M,0,No Finding
image_0945.jpg,23487,2,51,M,0,No Finding
image_0946.jpg,4893,30,30,M,0,No Finding
image_0947.jpg,1803,14,58,M,0,No Finding
image_0948.jpg,12892,3,41,M,0,No Finding
image_0949.jpg,14022,92,67,M,0,No Finding
image_0950.jpg,25719,0,23,M,0,No Finding
image_0951.jpg,30470,0,45,M,0,No Finding
image_0952.jpg,12823,0,51,F,0,No Finding
image_0953.jpg,5465,1,47,M,0,No Finding
image_0954.jpg,23993,0,52,M,0,No Finding
image_0955.jpg,15816,1,33,M,0,No Finding
image_0956.jpg,30496,2,39,F,0,No Finding
image_0957.jpg,26849,4,56,F,0,No Finding
image_0958.jpg,25121,0,63,M,0,No Finding
image_0959.jpg,2567,0,53,M,0,No Finding
image_0960.jpg,29205,0,70,F,0,No Finding
image_0961.jpg,2597,0,54,M,0,No Finding
image_0962.jpg,17318,7,20,M,0,No Finding
image_0963.jpg,10393,1,20,F,0,No Finding
image_0964.jpg,16358,8,51,F,0,No Finding
image_0965.jpg,4857,10,32,M,0,No Finding
image_0966.jpg,20097,0,69,M,0,No Finding
image_0967.jpg,21154,11,31,M,0,No Finding
image_0968.jpg,20630,6,30,M,0,No Finding
image_0969.jpg,27265,0,9,M,0,No Finding
image_0970.jpg,1992,3,14,F,0,No Finding
image_0971.jpg,26605,5,45,M,0,No Finding
image_0972.jpg,10352,73,32,M,0,No Finding
image_0973.jpg,26698,5,43,M,0,No Finding
image_0974.jpg,892,1,45,M,0,No Finding
image_0975.jpg,15992,1,61,M,0,No Finding
image_0976.jpg,3248,3,15,M,0,No Finding
image_0977.jpg,30384,0,27,M,0,No Finding
image_0978.jpg,27757,0,21,M,0,No Finding
image_0979.jpg,1376,1,48,M,0,No Finding
image_0980.jpg,26810,27,55,M,0,No Finding
image_0981.jpg,5986,8,33,M,0,No Finding
image_0982.jpg,13231,2,51,F,0,No Finding
image_0983.jpg,3634,3,48,M,0,No Finding
image_0984.jpg,25664,17,71,M,0,No Finding
image_0985.jpg,9037,1,47,M,0,No Finding
image_0986.jpg,11167,10,54,M,0,No Finding
image_0987.jpg,10601,9,58,M,0,No Finding
image_0988.jpg,17116,8,44,F,0,No Finding
image_0989.jpg,23569,0,38,M,0,No Finding
image_0990.jpg,7520,5,16,M,0,No Finding
image_0991.jpg,7014,0,50,F,0,No Finding
image_0992.jpg,4055,0,53,M,0,No Finding
image_0993.jpg,4456,0,42,F,0,No Finding
image_0994.jpg,5393,0,50,M,0,No Finding
image_0995.jpg,3494,3,25,F,0,No Finding
image_0996.jpg,20463,0,53,M,0,No Finding
image_0997.jpg,29259,7,35,F,0,No Finding
image_0998.jpg,13670,51,56,M,0,No Finding
image_0999.jpg,15313,15,35,F,0,No Finding
